container_id,location_id,tier,observed_at,source
CT-0001,A1,0,2026-09-20T08:00:00Z,inventory
CT-0002,A2,0,2026-09-20T08:00:00Z,inventory
CT-0003,A3,0,2026-09-20T08:00:00Z,inventory
CT-0004,A4,0,2026-09-20T08:00:00Z,inventory
CT-0005,B1,0,2026-09-20T08:00:00Z,inventory
CT-0006,B2,0,2026-09-20T08:00:00Z,inventory
CT-0007,B3,0,2026-09-20T08:00:00Z,inventory
CT-0008,B4,0,2026-09-20T08:00:00Z,inventory
CT-0009,C1,0,2026-09-20T08:00:00Z,inventory
CT-0010,C2,0,2026-09-20T08:00:00Z,inventory
CT-0011,C3,0,2026-09-20T08:00:00Z,inventory
CT-0012,C4,0,2026-09-20T08:00:00Z,inventory
CT-0013,D1,0,2026-09-20T08:00:00Z,inventory
CT-0014,D2,0,2026-09-20T08:00:00Z,inventory
CT-0015,D3,0,2026-09-20T08:00:00Z,inventory
CT-0016,D4,0,2026-09-20T08:00:00Z,inventory
CT-0017,E1,0,2026-09-20T08:00:00Z,inventory
CT-0018,E2,0,2026-09-20T08:00:00Z,inventory
CT-0019,E3,0,2026-09-20T08:00:00Z,inventory
CT-0020,E4,0,2026-09-20T08:00:00Z,inventory
CT-0021,F1,0,2026-09-20T08:00:00Z,inventory
CT-0022,F2,0,2026-09-20T08:00:00Z,inventory
CT-0023,F3,0,2026-09-20T08:00:00Z,inventory
CT-0024,F4,0,2026-09-20T08:00:00Z,inventory
CT-0025,A1,1,2026-09-20T08:00:00Z,inventory
CT-0026,A2,1,2026-09-20T08:00:00Z,inventory
CT-0027,A3,1,2026-09-20T08:00:00Z,inventory
CT-0028,A4,1,2026-09-20T08:00:00Z,inventory
CT-0029,B1,1,2026-09-20T08:00:00Z,inventory
CT-0030,B2,1,2026-09-20T08:00:00Z,inventory
CT-0031,B3,1,2026-09-20T08:00:00Z,inventory
CT-0032,B4,1,2026-09-20T08:00:00Z,inventory
CT-0033,C1,1,2026-09-20T08:00:00Z,inventory
CT-0034,C2,1,2026-09-20T08:00:00Z,inventory
CT-0035,C3,1,2026-09-20T08:00:00Z,inventory
CT-0036,C4,1,2026-09-20T08:00:00Z,inventory
CT-0037,D1,1,2026-09-20T08:00:00Z,inventory
CT-0038,D2,1,2026-09-20T08:00:00Z,inventory
CT-0039,D3,1,2026-09-20T08:00:00Z,inventory
CT-0040,D4,1,2026-09-20T08:00:00Z,inventory
CT-0041,E1,1,2026-09-20T08:00:00Z,inventory
CT-0042,E2,1,2026-09-20T08:00:00Z,inventory
CT-0043,E3,1,2026-09-20T08:00:00Z,inventory
CT-0044,E4,1,2026-09-20T08:00:00Z,inventory
CT-0045,F1,1,2026-09-20T08:00:00Z,inventory
CT-0046,F2,1,2026-09-20T08:00:00Z,inventory
CT-0047,F3,1,2026-09-20T08:00:00Z,inventory
CT-0048,F4,1,2026-09-20T08:00:00Z,inventory
CT-0049,A1,2,2026-09-20T08:00:00Z,inventory
CT-0050,A2,2,2026-09-20T08:00:00Z,inventory
CT-0051,A3,2,2026-09-20T08:00:00Z,inventory
CT-0052,A4,2,2026-09-20T08:00:00Z,inventory
CT-0053,B1,2,2026-09-20T08:00:00Z,inventory
CT-0054,B2,2,2026-09-20T08:00:00Z,inventory
CT-0055,B3,2,2026-09-20T08:00:00Z,inventory
CT-0056,B4,2,2026-09-20T08:00:00Z,inventory
CT-0057,C1,2,2026-09-20T08:00:00Z,inventory
CT-0058,C2,2,2026-09-20T08:00:00Z,inventory
CT-0059,C3,2,2026-09-20T08:00:00Z,inventory
CT-0060,C4,2,2026-09-20T08:00:00Z,inventory
CT-0061,D1,2,2026-09-20T08:00:00Z,inventory
CT-0062,D2,2,2026-09-20T08:00:00Z,inventory
CT-0063,D3,2,2026-09-20T08:00:00Z,inventory
CT-0064,D4,2,2026-09-20T08:00:00Z,inventory
CT-0065,E1,2,2026-09-20T08:00:00Z,inventory
CT-0066,E2,2,2026-09-20T08:00:00Z,inventory
CT-0067,E3,2,2026-09-20T08:00:00Z,inventory
CT-0068,E4,2,2026-09-20T08:00:00Z,inventory
CT-0069,F1,2,2026-09-20T08:00:00Z,inventory
CT-0070,F2,2,2026-09-20T08:00:00Z,inventory
CT-0071,F3,2,2026-09-20T08:00:00Z,inventory
CT-0072,F4,2,2026-09-20T08:00:00Z,inventory
CT-0073,A1,3,2026-09-20T08:00:00Z,inventory
CT-0074,A2,3,2026-09-20T08:00:00Z,inventory
CT-0075,A3,3,2026-09-20T08:00:00Z,inventory
CT-0076,A4,3,2026-09-20T08:00:00Z,inventory
CT-0077,B1,3,2026-09-20T08:00:00Z,inventory
CT-0078,B2,3,2026-09-20T08:00:00Z,inventory
CT-0079,B3,3,2026-09-20T08:00:00Z,inventory
CT-0080,B4,3,2026-09-20T08:00:00Z,inventory
CT-0081,C1,3,2026-09-20T08:00:00Z,inventory
CT-0082,C2,3,2026-09-20T08:00:00Z,inventory
CT-0083,C3,3,2026-09-20T08:00:00Z,inventory
CT-0084,C4,3,2026-09-20T08:00:00Z,inventory
CT-0085,D1,3,2026-09-20T08:00:00Z,inventory
CT-0086,D2,3,2026-09-20T08:00:00Z,inventory
CT-0087,D3,3,2026-09-20T08:00:00Z,inventory
CT-0088,D4,3,2026-09-20T08:00:00Z,inventory
CT-0089,E1,3,2026-09-20T08:00:00Z,inventory
CT-0090,E2,3,2026-09-20T08:00:00Z,inventory
CT-0091,E3,3,2026-09-20T08:00:00Z,inventory
CT-0092,E4,3,2026-09-20T08:00:00Z,inventory
CT-0093,F1,3,2026-09-20T08:00:00Z,inventory
CT-0094,F2,3,2026-09-20T08:00:00Z,inventory
CT-0095,F3,3,2026-09-20T08:00:00Z,inventory
CT-0096,F4,3,2026-09-20T08:00:00Z,inventory
CT-0097,A1,4,2026-09-20T08:00:00Z,inventory
CT-0098,A2,4,2026-09-20T08:00:00Z,inventory
CT-0099,A3,4,2026-09-20T08:00:00Z,inventory
CT-0100,A4,4,2026-09-20T08:00:00Z,inventory
CT-0101,B1,4,2026-09-20T08:00:00Z,inventory
CT-0102,B2,4,2026-09-20T08:00:00Z,inventory
CT-0103,B3,4,2026-09-20T08:00:00Z,inventory
CT-0104,B4,4,2026-09-20T08:00:00Z,inventory
CT-0105,C1,4,2026-09-20T08:00:00Z,inventory
CT-0106,C2,4,2026-09-20T08:00:00Z,inventory
CT-0107,C3,4,2026-09-20T08:00:00Z,inventory
CT-0108,C4,4,2026-09-20T08:00:00Z,inventory
CT-0109,D1,4,2026-09-20T08:00:00Z,inventory
CT-0110,D2,4,2026-09-20T08:00:00Z,inventory
CT-0111,D3,4,2026-09-20T08:00:00Z,inventory
CT-0112,D4,4,2026-09-20T08:00:00Z,inventory
CT-0113,E1,4,2026-09-20T08:00:00Z,inventory
CT-0114,E2,4,2026-09-20T08:00:00Z,inventory
CT-0115,E3,4,2026-09-20T08:00:00Z,inventory
CT-0116,E4,4,2026-09-20T08:00:00Z,inventory
CT-0117,F1,4,2026-09-20T08:00:00Z,inventory
CT-0118,F2,4,2026-09-20T08:00:00Z,inventory
CT-0119,F3,4,2026-09-20T08:00:00Z,inventory
CT-0120,F4,4,2026-09-20T08:00:00Z,inventory
CT-0121,A1,5,2026-09-20T08:00:00Z,inventory
CT-0122,A1,6,2026-09-20T08:00:00Z,inventory
CT-0123,A3,5,2026-09-20T08:00:00Z,inventory
CT-0124,A4,5,2026-09-20T08:00:00Z,inventory
CT-0125,B1,5,2026-09-20T08:00:00Z,inventory
CT-0126,B2,5,2026-09-20T08:00:00Z,inventory
CT-0127,B3,5,2026-09-20T08:00:00Z,inventory
CT-0128,B4,5,2026-09-20T08:00:00Z,inventory
CT-0129,C1,5,2026-09-20T08:00:00Z,inventory
CT-0130,C2,5,2026-09-20T08:00:00Z,inventory
CT-0131,C3,5,2026-09-20T08:00:00Z,inventory
CT-0132,C4,5,2026-09-20T08:00:00Z,inventory
CT-0133,VESSEL-1,0,2026-09-20T08:00:00Z,inventory
CT-0134,VESSEL-1,1,2026-09-20T08:00:00Z,inventory
CT-0135,VESSEL-1,2,2026-09-20T08:00:00Z,inventory
CT-0136,VESSEL-1,3,2026-09-20T08:00:00Z,inventory
CT-0137,VESSEL-1,4,2026-09-20T08:00:00Z,inventory
CT-0138,VESSEL-1,5,2026-09-20T08:00:00Z,inventory
CT-0139,GATE-IN,6,2026-09-20T08:00:00Z,inventory
CT-0140,GATE-IN,7,2026-09-20T08:00:00Z,inventory
CT-0141,GATE-IN,8,2026-09-20T08:00:00Z,inventory
CT-0142,GATE-IN,9,2026-09-20T08:00:00Z,inventory
CT-0143,GATE-IN,10,2026-09-20T08:00:00Z,inventory
CT-0144,GATE-IN,11,2026-09-20T08:00:00Z,inventory
